date,company,role,url,requisition_id,location,status,artifact_dir
2026-09-05,AIB,Data Analyst - Group Internal Audit,https://jobs.aib.ie/aib/job/Dublin-Data-Analyst-Group-Internal-Audit-IE/1371348757/,84289,"Dublin, Cork, Galway or Waterford; hybrid",delivered,/Users/chetan/Desktop/Resume/backup/historical/daily-job-search/2026-09-05/001-aib-data-analyst-f3f24f302d
2026-09-05,Canada Life Group Services,Data Analytics Specialist,https://life-careers.com/canadalifeireland/job/Dublin-Data-Analytics-Specialist/1433379633/,10021,Dublin; hybrid; 9-month contract,delivered,/Users/chetan/Desktop/Resume/backup/historical/daily-job-search/2026-09-05/002-canada-life-data-analytics-94b877b3b0
2026-09-05,CarTrawler,Customer Insights Analyst,https://corporate.cartrawler.com/en-gb/careers/opportunities/ca988278-6968-451b-bc32-0a3b4e3ee55b/,ca988278-6968-451b-bc32-0a3b4e3ee55b,"Dublin; hybrid, at least 2 office days weekly",delivered,/Users/chetan/Desktop/Resume/backup/historical/daily-job-search/2026-09-05/003-cartrawler-customer-insights-dcbf46c6fc
2026-09-05,Bank of Ireland,"Data, Technology and Change Graduate Programme 2027",https://careers.bankofireland.com/jobs/data-technology-and-change-graduate-programme-2027-dublin-ireland,programme-2027-data-technology-change,Dublin; hybrid; 2027 programme,delivered,/Users/chetan/Desktop/Resume/backup/historical/daily-job-search/2026-09-05/004-bank-of-ireland-graduate-data-f42c32d987
2026-09-05,EY,AI & Data Graduate Programme 2027,https://eyglobal.yello.co/jobs/o-mdBAMr_pP3Go7vsz0GaQ?job_board_id=c1riT--B2O-KySgYWsZO1Q,1737553,Cork or Dublin; hybrid; 2027 intake,delivered,/Users/chetan/Desktop/Resume/backup/historical/daily-job-search/2026-09-05/005-ey-ai-data-graduate-fadf134d59
2026-09-05,Carraig Donn,Junior Business Performance Analyst,https://recruitment.cezannehr.com/shared/job/junior-business-performance-analyst-wes-22de4,junior-business-performance-analyst-wes-22de4,"Westport, Co. Mayo; daily on-site; permanent",delivered,/Users/chetan/Desktop/Resume/backup/historical/daily-job-search/2026-09-05/006-carraig-donn-business-performance-c2e0e3e025
2026-09-05,FedEx,"Business Analyst - Data, Insights & Workforce Management",https://careers.fedex.com/pt-pt/business-analyst-data-insights-workforce-management-global-trade-services/job/CCB8DC461DBCC02343B25C1C70329131__pt-pt,RC783794,Dublin among five European locations; hybrid; 40 hours weekly,delivered,/Users/chetan/Desktop/Resume/backup/historical/daily-job-search/2026-09-05/007-fedex-data-insights-9b38bd2fa0
2026-09-05,Kepak Group,Junior Operations Data Analyst - Boning Hall & Abattoir,https://apply.workable.com/kepak/j/18C12557B9/,18C12557B9,"Watergrasshill, Cork; on-site; Mon-Fri 07:00-17:00",delivered,/Users/chetan/Desktop/Resume/backup/historical/daily-job-search/2026-09-05/008-kepak-operations-data-f8665e4727
2026-09-05,Analytic Partners,Marketing Science Analyst,https://jobs.lever.co/analyticpartners/bfc631d9-db28-4f8f-ba13-940c11b294cf,bfc631d9-db28-4f8f-ba13-940c11b294cf,"Dublin; hybrid, three office days weekly",delivered,/Users/chetan/Desktop/Resume/backup/historical/daily-job-search/2026-09-05/009-analytic-partners-marketing-science-134eda95cf
2026-09-06,Capventis,Graduate Consultant - analytics preference,https://www.capventis.com/about-us/join-us/graduate-consultant-position,graduate-consultant-position,Ireland / UK advertised; request Dublin analytics placement,delivered,/Users/chetan/Desktop/Resume/backup/historical/daily-job-search/2026-09-06/001-capventis-graduate-consultant-e748aa8999
2026-09-06,One Recruitment,Junior Data Analyst,https://www.careers-page.com/one-recruitment/job/Y686863V,Y686863V,"Dublin, Ireland; confirm office working arrangement",delivered,/Users/chetan/Desktop/Resume/backup/historical/daily-job-search/2026-09-06/002-one-recruitment-junior-data-9e28659918
2026-09-08,AIB,Junior Quantitative Risk Analyst,"https://jobs.aib.ie/aib/job/Dublin,-Belfast,-London,-North-Junior-Quantitative-Risk-Analyst-IE/1361371757/",84006,"Dublin; hybrid, three office days weekly",delivered,/Users/chetan/Desktop/Resume/backup/historical/daily-job-search/2026-09-08/001-aib-junior-quantitative-risk-b209a1e2d9
2026-09-08,Fanatics Betting & Gaming,Data Scientist I,https://job-boards.greenhouse.io/fanaticsfbg/jobs/4356668009,4356668009,"Dublin, Ireland; working arrangement not stated",delivered,/Users/chetan/Desktop/Resume/backup/historical/daily-job-search/2026-09-08/002-fanatics-data-scientist-i-8e34490011
2026-09-12,KPMG,Tax Technology Graduate Programme 2027,https://kpmgireland.avature.net/careers/FolderDetail/Tax-Technology-Graduate-Programme-2027/2826,2826,"Dublin, Ireland; hybrid",prepared,/Users/chetan/Desktop/Resume/career-dashboard/output/applications/1acf78884105297f-i4s8l2l7
2026-09-12,Accenture,AI & Data Graduate Programme FY28,https://accenture.pinpointhq.com/postings/5d2e98e6-2568-4833-bb13-8a067bf55d18,5d2e98e6-2568-4833-bb13-8a067bf55d18,"Dublin, Ireland; client/office attendance 1-5 days weekly",discovered,
2026-09-13,Engineering Support & Services Limited,Data Analyst,https://jobsireland.ie/en-US/job-Details?id=2464829,2464829,"Raheen Business Park, Limerick, Ireland; office based; 40 hours weekly",prepared,/Users/chetan/Desktop/Resume/career-dashboard/output/applications/10ba01413aa6075f-p6u0becs
2026-09-13,Prime Street,Junior Reporting Analyst,https://ie.indeed.com/viewjob?jk=03a4c1873988fa89,03a4c1873988fa89,"Dublin 8, Ireland; in person; Monday-Friday",prepared,/Users/chetan/Desktop/Resume/career-dashboard/output/applications/5b8921d814b94f76-c2s4n1cd
2026-09-13,Morgan McKinley,Data Analyst - Contract,https://morganmckinley.com/jobs/cork/data-analyst-contract/1104845,JN-092026-2008476,"Cork, Ireland; hybrid, 2-3 onsite days weekly; 12-month contract",discovered,
2026-09-13,Lidl Ireland,Graduate Programme - Controlling & Analytics,https://jobs.lidl.ie/jobs/graduate-programme-controlling-analytics-dublin-24-741208,741208,"Tallaght, Dublin 24, Ireland; travel/relocation required",discovered,
